epoch,accuracy,learning_rate,loss,val_accuracy,val_loss
0,0.20014286041259766,9.999999747378752e-05,2.4354422092437744,0.125,8.975252151489258
1,0.2272857129573822,9.999999747378752e-05,2.0948824882507324,0.125,8.012216567993164
2,0.25042855739593506,9.999999747378752e-05,2.0108301639556885,0.125,7.6942596435546875
3,0.2645714282989502,9.999999747378752e-05,1.9661699533462524,0.12433154881000519,6.428524017333984
4,0.2752857208251953,4.999999873689376e-05,1.9064120054244995,0.125,6.486787796020508
5,0.27399998903274536,4.999999873689376e-05,1.9059921503067017,0.12299465388059616,5.1482319831848145
6,0.28042855858802795,4.999999873689376e-05,1.9010101556777954,0.12299465388059616,4.325550556182861
7,0.283857136964798,4.999999873689376e-05,1.8785172700881958,0.12299465388059616,5.288968563079834
