epoch,accuracy,learning_rate,loss,val_accuracy,val_loss
0,0.21899999678134918,9.999999747378752e-05,2.2499072551727295,0.20187166333198547,4.872933387756348
1,0.2587142884731293,9.999999747378752e-05,1.9774060249328613,0.1510695219039917,6.199343204498291
2,0.2798571288585663,9.999999747378752e-05,1.9138407707214355,0.18048128485679626,3.65275239944458
3,0.2841428518295288,9.999999747378752e-05,1.8803186416625977,0.18516042828559875,3.061568260192871
4,0.30714285373687744,4.999999873689376e-05,1.8318196535110474,0.23128342628479004,2.643388509750366
5,0.30957141518592834,4.999999873689376e-05,1.8102843761444092,0.24331550300121307,2.3293185234069824
6,0.30328571796417236,4.999999873689376e-05,1.82668137550354,0.17847593128681183,2.297480821609497
7,0.31228572130203247,4.999999873689376e-05,1.815995454788208,0.21122995018959045,8.875893592834473
